word,count
masbur,2
sasa,2
38°,2
amelia,2
menjawabnya,2
urutannya,2
mertigo,2
help,2
bunyinya,2
dibalik,2
teknik,2
tantrum,2
perbuat,2
tradisonal,2
dicegah,2
dikelitik,2
carcinoma,2
2100,2
dipijakkan,2
bilirubinnya,2
bpm,2
yeni,2
celong,2
menyisakan,2
beberap,2
vitacimin,2
peroleh,2
hidatidosa,2
gc,2
nyuruh,2
nyium,2
radangnya,2
menghangatkan,2
plank,2
sejarah,2
mylanta,2
2079,2
kanji,2
cukupi,2
lahirkan,2
srikaya,2
mucopect,2
mudahan,2
sengkil,2
bevalex,2
colagen,2
dadar,2
flagistatin,2
keringetan,2
merantau,2
veriokel,2
praxion,2
injury,2
kalangan,2
11080,2
rarthritis,2
berperan,2
berlipat,2
cefixim,2
mayor,2
fluoxetine,2
evaluasi,2
gua,2
kemben,2
paratusin,2
tumitnya,2
tersadar,2
lampunya,2
tol,2
visine,2
dibicarakan,2
cikungunya,2
memudarkan,2
berteriak,2
getahnya,2
aprazolam,2
sukai,2
maniak,2
buyar,2
fracture,2
mandibula,2
pengawet,2
hilanginnya,2
2002,2
racik,2
bungsunya,2
bertekstur,2
kesat,2
laun,2
pasalnya,2
there,2
terbalik,2
delusi,2
combi,2
anjlok,2
gundul,2
perjalanannya,2
tapak,2
siulan,2
tarawih,2
dijumpai,2
diana,2
kina,2
endemik,2
teruji,2
digundul,2
botox,2
shinta,2
genitalis,2
terburu,2
salatiga,2
beruntusnya,2
weight,2
499,2
memperdengarkan,2
mengizinkan,2
cangkir,2
suppositoria,2
berpihak,2
mekanisme,2
pengecapan,2
vakoou,2
fix,2
pempek,2
abangnya,2
menghindar,2
fermia,2
mustard,2
penerangan,2
meraih,2
berkeinginan,2
segel,2
dipecah,2
tertanam,2
detox,2
psikosomatik,2
link,2
pilori,2
bor,2
dipembalut,2
amnesia,2
spina,2
vertebrata,2
buih,2
tinggikan,2
lumbal,2
kmungkinan,2
ovari,2
gumpalannya,2
selese,2
anjingnya,2
alamiah,2
bifida,2
mengagetkan,2
mengisapnya,2
sudahi,2
gerita,2
243,2
2728,2
penikmat,2
endapan,2
serong,2
siswi,2
dextamine,2
at,2
kapsulnya,2
terbayang,2
nesv,2
203,2
amoxillin,2
engkel,2
cravit,2
kepepet,2
cekukan,2
neutrofit,2
pelosok,2
teori,2
biomom,2
hadapi,2
pitbull,2
progeston,2
mengayun,2
flucadex,2
38°c,2
gandum,2
tgi,2
dimatikan,2
antidepresan,2
retrofleksi,2
absolut,2
tarasa,2
krating,2
terduga,2
daeng,2
rungu,2
torchnya,2
penerimaan,2
methyl,2
prostatitis,2
diiklankan,2
alangkah,2
pinggulnya,2
viks,2
bufacaryl,2
puree,2
carbidu,2
kesusuban,2
diubah,2
target,2
expire,2
ngeludah,2
propanolol,2
lepeh,2
khawatiran,2
mita,2
hydrocortisone,2
nose,2
dripping,2
sity,2
diamond,2
berurusan,2
slemet,2
cimory,2
penggemar,2
mengabaikan,2
dicakar,2
berpacaran,2
nyapu,2
hit,2
alumunium,2
komplain,2
sofa,2
glibenclamide,2
padalah,2
permata,2
suram,2
merayap,2
dek,2
pentul,2
kedokternya,2
tunda,2
impor,2
memasukin,2
terjebak,2
cocus,2
dibayang,2
sebutan,2
scoliosis,2
sepuluh,2
urdafalk,2
lepehin,2
menambalnya,2
kegendutan,2
bye,2
besokan,2
dang,2
bayangi,2
lebak,2
pharmaton,2
membingungkan,2
standarnya,2
jenguk,2
keuntungan,2
mengantarkan,2
279,2
asthin,2
tama,2
asuransi,2
bongkar,2
sisiran,2
berkawat,2
ditikam,2
nicu,2
micin,2
death,2
kesininya,2
praktik,2
abdul,2
membatalkan,2
hotel,2
aso,2
string,2
terpikirkan,2
saudaraku,2
breathy,2
pencerahnya,2
netrofil,2
menyangga,2
kukusan,2
parsial,2
menyemir,2
pronicy,2
digabungkan,2
baumann,2
sepoi,2
vision,2
seisi,2
trichodazol,2
kelalaian,2
phrenicocostalis,2
tanda-tanda,2
lubricant,2
mayo,2
helo,2
cod,2
tawarin,2
tertunda,2
rina,2
itik,2
tersiram,2
pemecah,2
ubian,2
becom,2
zet,2
risperidone,2
arinya,2
oiya,2
limfoma,2
378,2
gulung,2
2011,2
selvi,2
1200,2
halangannya,2
komunitas,2
nanasnya,2
hmf,2
ureter,2
262,2
biusnya,2
gurah,2
scaling,2
menciut,2
widya,2
taoge,2
bantet,2
training,2
basal,2
raksa,2
kinerja,2
hafalan,2
rumahnya,2
trihexypendyl,2
saset,2
disajikan,2
dismenorea,2
nutrimama,2
calnic,2
lasegar,2
saku,2
lidya,2
kedipan,2
menyampirkan,2
trans,2
gerakkin,2
librozym,2
maksa,2
kejanin,2
ala,2
frontalis,2
kejedotnya,2
baringan,2
108,2
immunisasi,2
kara,2
selonjoran,2
muntahannya,2
224,2
drink,2
zoospermia,2
nova,2
shape,2
menggunakn,2
ketujuh,2
zinkid,2
gondong,2
gores,2
benalu,2
bela,2
e400,2
tinitus,2
koyak,2
memperlihatkan,2
anita,2
suaraku,2
jalar,2
diendoskopi,2
susulan,2
anggun,2
iganya,2
imodium,2
nauzubillah,2
103,2
suspension,2
karakteristik,2
glucoma,2
screen,2
stt,2
diclofenac,2
spironolactone,2
memindahkan,2
android,2
pressure,2
denging,2
nindi,2
elastis,2
bulging,2
dural,2
sac,2
paris,2
rasio,2
debaran,2
reumatik,2
persoalan,2
lincomycin,2
tamu,2
inform,2
consent,2
resmi,2
percuma,2
menuntut,2
persetujuan,2
homo,2
ditubuhnya,2
lactob,2
vacuum,2
kendari,2
laserin,2
heg,2
orgasmenya,2
terkaget,2
kalxetin,2
dipakainya,2
menjenguk,2
preabor,2
samponya,2
frego,2
betahistine,2
berimbas,2
dibotaki,2
menanggapinya,2
mrp,2
kreatin,2
nistagmus,2
kosan,2
maryani,2
bufacort,2
n,2
triglid,2
terdiri,2
cup,2
sensi,2
dikemasan,2
penjelasaannya,2
dufan,2
spasme,2
lumbalis,2
eropa,2
pigmentasi,2
cireng,2
mmpunyai,2
homoseksual,2
hematologi,2
nistatin,2
pom,2
shun,2
singkatan,2
multi,2
fobia,2
parukah,2
bronchopneumonia,2
kletuk,2
diinjeksi,2
leb,2
menghampiri,2
maleat,2
menormalkannya,2
sharing,2
menambahnya,2
spirometri,2
severe,2
restriction,2
jangankan,2
ragi,2
kanguru,2
wawan,2
minggunya,2
gitas,2
tidaklah,2
asthenozoospermia,2
moderately,2
rota,2
tertendang,2
ngosngosan,2
herpesnya,2
privasi,2
homogen,2
hypoechoic,2
berbatas,2
dopler,2
dibelah,2
inkubasi,2
oranye,2
diinduksi,2
behelnya,2
kerempeng,2
dextem,2
cripsa,2
bisulku,2
buncis,2
bertato,2
bisakan,2
urogetix,2
mersa,2
mulutpun,2
berdebu,2
hidronefrosis,2
hematuria,2
terawat,2
laparnya,2
anya,2
mereknya,2
mencampurkan,2
dipayudaranya,2
sebal,2
blesifen,2
bantuk,2
benarnya,2
titer,2
kia,2
sisha,2
vp,2
jejak,2
bawel,2
rexona,2
erosif,2
gaster,2
aliri,2
tukar,2
beritahu,2
areata,2
ngelantur,2
cold,2
315,2
keplintir,2
tabuh,2
bayangkan,2
ngeblur,2
ambeian,2
dina,2
sedut,2
pinggan,2
note,2
kimianya,2
dibalas,2
lacbon,2
dakinya,2
muat,2
dibius,2
mari,2
ditawarkan,2
bercermin,2
teliti,2
parau,2
meminimalisir,2
tergeser,2
tendon,2
terpusat,2
melanjutkannya,2
dermatic,2
menidurkan,2
dikeringkan,2
cebokin,2
bakterinya,2
hambatan,2
kunjungan,2
bersatu,2
zone,2
dea,2
keberangkatan,2
dompo,2
vac,2
d,2
gom,2
stroller,2
eritema,2
nodusum,2
semaput,2
obatkah,2
celananya,2
berteman,2
berkomplikasi,2
diepisiotomi,2
pergaulan,2
hadapan,2
sepat,2
diindikasikan,2
definisi,2
penakut,2
merknya,2
ovidrell,2
memandikannya,2
kolak,2
cravox,2
dengkulnya,2
melampaui,2
distop,2
memutihkanya,2
woods,2
tetanggaku,2
394,2
margarin,2
iudnya,2
sahwat,2
diposisikan,2
cacarnya,2
meresepkan,2
sumur,2
mioma,2
wahyu,2
membantunya,2
genggam,2
220,2
duviral,2
adit,2
gelatin,2
gymball,2
gregetan,2
kegedean,2
allopurinol,2
perkiraannya,2
sys,2
114,2
diinjakkan,2
estrontgen,2
berbahya,2
komedonya,2
gunung,2
pantiliner,2
tasbih,2
thrombophop,2
367,2
pondok,2
dab,2
chlorexol,2
hydrops,2
berdiameter,2
fetalis,2
jempolnya,2
dipejamkan,2
berasanya,2
tercucuk,2
antasid,2
driver,2
mengupayakan,2
sadarnya,2
mendesak,2
ventrikel,2
laparatomi,2
apri,2
testing,2
aritma,2
papiloma,2
berotot,2
menyemprotkan,2
mengkosumsi,2
sleep,2
garut,2
sinom,2
astigmatisme,2
digabung,2
study,2
nyanyi,2
tebak,2
bengkulu,2
febris,2
135,2
mengences,2
bulimia,2
temukan,2
chubby,2
hijauan,2
resepsi,2
2009,2
sampa,2
ditegakkan,2
peditox,2
andrologi,2
dikonsultasikan,2
suam,2
ossoral,2
tumbuhi,2
vaseline,2
jempolan,2
ngajakin,2
kekuar,2
marks,2
1213,2
luwak,2
transpulmin,2
mcv,2
muntahan,2
ao,2
hematosinus,2
abusive,2
peristiwa,2
toraks,2
cardiovascular,2
ulangan,2
kalimantan,2
poin,2
sesuaikan,2
berkunjung,2
bogo,2
pyrazinamide,2
basil,2
buntut,2
leser,2
melamar,2
baraclude,2
hepamax,2
berkesempatan,2
dicelupkan,2
bengek,2
rifampicin,2
finger,2
binotal,2
proposional,2
ditindih,2
mexon,2
jeroan,2
mengaku,2
orangtuanya,2
provera,2
berpengalaman,2
ajinomoto,2
plat,2
detakan,2
174,2
lalatnya,2
didahi,2
morfologi,2
oktaf,2
pijitan,2
tranexamic,2
bagainana,2
keperawanannya,2
buntet,2
batasan,2
pantas,2
seksi,2
3435,2
tuberculosa,2
tergores,2
neviral,2
sedimen,2
hep,2
xanthelasma,2
symbicort,2
seprei,2
app,2
murid,2
hipset,2
intensif,2
granulomatik,2
jomblo,2
terbenam,2
haris,2
kepanikan,2
alprazolam,2
pasiennya,2
mom,2
totalis,2
dipukuli,2
babku,2
teridentifikasi,2
numbuhnya,2
penyebannya,2
kanibal,2
sebadan,2
baba,2
shari,2
asik,2
daktarin,2
mometasone,2
furoate,2
pempes,2
melempar,2
premi,2
terpotong,2
concor,2
transferkan,2
penyemprotan,2
dianggap,2
dibatasi,2
smartphone,2
norit,2
berry,2
setia,2
restu,2
acak,2
kolostrum,2
seninnya,2
terpuaskan,2
valsartan,2
membulat,2
bergeraknya,2
gembira,2
perawakannya,2
spuit,2
paraji,2
natrium,2
maklum,2
gbu,2
melengkungkan,2
diksih,2
keretakan,2
tatapan,2
berliur,2
mubazir,2
karu,2
terkencing,2
sbnernya,2
mengejang,2
picture,2
mlem,2
methyilprednisolone,2
mutiara,2
189,2
prp,2
cerna,2
ngerokin,2
tretinoin,2
blighted,2
sebisa,2
laring,2
marketing,2
lakban,2
lamban,2
kreanitin,2
alcohol,2
mucous,2
recover,2
spognya,2
peristaltik,2
acuan,2
hypertension,2
diapun,2
hamilkan,2
dinenenin,2
kejanggalan,2
sushi,2
pergelangannya,2
rizka,2
lonjong,2
dimas,2
ameloblastoma,2
bank,2
teorinya,2
kadaluwarsanya,2
diterapkan,2
berpeluang,2
latih,2
kation,2
worry,2
konsumi,2
masukkin,2
vaginismus,2
tedun,2
menyikapi,2
mengendur,2
cilok,2
undertown,2
membatasi,2
diperkecil,2
ngomong,2
bergabung,2
menata,2
dalfarol,2
mrintis,2
terampuh,2
hydrocepalus,2
suicide,2
nongol,2
bediri,2
btw,2
pedialyte,2
vegan,2
fb,2
kiss,2
tahapannya,2
menthol,2
tergesa,2
gesa,2
menghubungi,2
menghamili,2
mpv,2
neut,2
lymph,2
mxd,2
ketekuk,2
pot,2
ipb,2
hipotiroid,2
bertanyakan,2
mengharapkan,2
sesuap,2
serumennya,2
menyalur,2
lokia,2
asthenoteratozoospermia,2
bereaksinya,2
ruberrla,2
nyaring,2
vardenafil,2
narfoz,2
lumrah,2
lelet,2
cefila,2
nadia,2
fingering,2
momo,2
zamel,2
erosi,2
335,2
amoxiclav,2
menanggapi,2
esensial,2
sehinga,2
berhalusinasi,2
buletin,2
puskemas,2
dikasihnya,2
htp,2
dihitungnya,2
menanggung,2
hasratnya,2
bicep,2
halusnya,2
almarhum,2
counterpain,2
penentu,2
menenggak,2
diolesin,2
digerakan,2
berpelukan,2
membuangnya,2
precum,2
kompeten,2
menyiasati,2
napaspun,2
disiletin,2
busanya,2
htpl,2
langitnya,2
3500,2
akui,2
invitec,2
clinic,2
nissin,2
1bulan,2
sebelumnnya,2
sengat,2
taksiran,2
tegal,2
membahas,2
mesenterica,2
neken,2
bersalah,2
butuhkan,2
onkologi,2
menyemburkan,2
menyiram,2
keloidnya,2
ser,2
silverqueen,2
kapala,2
herlina,2
pole,2
sesen,2
untuknya,2
penyandang,2
begituan,2
molor,2
rio,2
bahayakan,2
850,2
nyelekit,2
rakhitis,2
bensin,2
pertusis,2
daniel,2
tahyat,2
ardium,2
pesan,2
faal,2
lebarnya,2
resleting,2
anggi,2
mebo,2
moisturizer,2
rumkit,2
urinalisa,2
ngejendol,2
jendolannya,2
diajurkan,2
appendix,2
jantan,2
kesurupan,2
peluruhan,2
melambat,2
birilubin,2
dengkuran,2
melengking,2
jambak,2
evoo,2
jemput,2
antihemoroid,2
membungkukkan,2
sambungan,2
karetnya,2
bruntusnya,2
masihkah,2
menggugurkannya,2
grokan,2
101,2
norvom,2
metoclopramide,2
kepekaan,2
171,2
arteri,2
creatinine,2
peluruh,2
terapinya,2
disukai,2
jantungku,2
triknya,2
vco,2
jangek,2
dipaparkan,2
cerebral,2
penyinaran,2
berhubungankah,2
lekukan,2
andes,2
robekannya,2
trakeostominya,2
kepatil,2
soyanya,2
itil,2
ends,2
nicotine,2
tetesnya,2
phase,2
filariasis,2
kankernya,2
kurung,2
terganjal,2
mtb,2
detected,2
very,2
soflens,2
panci,2
ditangan,2
viostin,2
tunica,2
hidungku,2
onemate,2
bobo,2
kesekian,2
kerokok,2
nisagon,2
dimajukan,2
badanpun,2
diltiazem,2
sekelas,2
cryotheraphy,2
manajemen,2
dibotak,2
lantaran,2
fargetix,2
lostacef,2
bergejolak,2
diteteskan,2
novel,2
due,2
perasalinan,2
falset,2
morbili,2
126,2
menyabun,2
warga,2
sjs,2
typhii,2
internist,2
pengikat,2
goyah,2
14minggu,2
alpokat,2
disabilitas,2
bahawa,2
pengenalan,2
berhati,2
mengalihkan,2
rujuk,2
echogenic,2
rolling,2
kompresi,2
vertebrae,2
decadryl,2
analgetik,2
ndemblok,2
berkalsium,2
sembur,2
sehatkah,2
q10,2
titanium,2
ikadryl,2
konseling,2
zombie,2
menatruasi,2
broncho,2
mengawetkan,2
disemutin,2
kornet,2
polysilane,2
diwajah,2
zona,2
hoek,2
guratan,2
melungker,2
ensefalopati,2
dv,2
ketuk,2
gundu,2
pacat,2
melangsingkan,2
belatung,2
tercemar,2
sapsmofilia,2
dipindah,2
dayak,2
formyco,2
diupayakan,2
inci,2
lapibal,2
growth,2
spurt,2
elocon,2
kesetrumnya,2
beradaptasi,2
ditindik,2
kuras,2
ceterizine,2
kalasu,2
10000,2
senter,2
fumarate,2
berjerawatan,2
siput,2
cupang,2
polusi,2
cml,2
faktanya,2
eyeliner,2
memantau,2
sabtunya,2
nyamuknya,2
nyusuin,2
novakal,2
pelengketan,2
patin,2
netral,2
hangatnya,2
kesedihan,2
nganggur,2
bayarnya,2
bouncer,2
mentol,2
kawah,2
amoxylin,2
anyengan,2
kecakar,2
idi,2
kontraktur,2
jangkanya,2
dicelup,2
mungil,2
menghadapinya,2
mbok,2
layanan,2
vibrator,2
dibikin,2
eswl,2
parit,2
perontok,2
bunion,2
dipayudara,2
lulu,2
menggunting,2
ditolak,2
melena,2
reye,2
selit,2
dikemo,2
dipelintir,2
ruptur,2
seminngu,2
pengukuran,2
selamet,2
bia,2
245,2
minimarket,2
diameternya,2
melepaskan,2
bursitis,2
wasalamualaikum,2
jelantah,2
nevox,2
rendang,2
jaksel,2
malampun,2
randitin,2
rindu,2
melotot,2
disekelilingnya,2
teropong,2
perona,2
teresa,2
dietku,2
mandir,2
menstuarsi,2
bali,2
terpasang,2
meleleh,2
spot,2
steven,2
anoreksia,2
keemasan,2
beleknya,2
protagenta,2
merintih,2
gajih,2
selengkangan,2
contrast,2
artis,2
iri,2
gendutan,2
biosan,2
kekasihnya,2
dikash,2
penipisan,2
lobular,2
invasif,2
menyajikan,2
sclera,2
bilier,2
jerapah,2
berberapa,2
jerman,2
papila,2
menggosokkan,2
pengantar,2
blues,2
dadakan,2
perksa,2
cilexetil,2
memperhambat,2
royal,2
abotil,2
website,2
mansturbasi,2
bervariasi,2
gemas,2
tata,2
budi,2
hemoragik,2
papaverine,2
pemberhentian,2
dibatang,2
beranak,2
hemofilia,2
320,2
komentar,2
bervitamin,2
mono,2
terdalam,2
balm,2
prenamia,2
lisna,2
calamine,2
pariet,2
gasela,2
keseimbangannya,2
densitas,2
peluk,2
ngaceng,2
batugin,2
keluarlah,2
sediakan,2
bungkusnya,2
proneuron,2
pengendara,2
ketiban,2
direct,2
serai,2
kopdar,2
mamae,2
nipple,2
terbesar,2
pctl,2
tengengen,2
galon,2
penerima,2
sarinya,2
ikal,2
siaga,2
dextromethorphan,2
calortussin,2
petrolium,2
jell,2
arab,2
optimal,2
dudukan,2
mobile,2
piroxicam,2
yudhi,2
saringan,2
hipertensinya,2
dihancurkan,2
alamai,2
terkendala,2
aritmia,2
isoptin,2
verapamil,2
disenter,2
pepsi,2
partum,2
segara,2
pendengar,2
displasia,2
ovutest,2
tbcnya,2
berdeyut,2
cheek,2
frustasi,2
geprek,2
irama,2
pertanyaanku,2
excimer,2
artikan,2
dapatnya,2
hidroksida,2
bersarang,2
sediakala,2
b1,2
maha,2
kuasa,2
mamma,2
memarahi,2
apatis,2
dolanan,2
premaston,2
betametasone,2
kfc,2
ejek,2
menghimpit,2
kesah,2
alunan,2
ngangkang,2
ovacare,2
fatigon,2
memejamkan,2
ditempelkan,2
riau,2
intensitasnya,2
sanofi,2
hilus,2
simpel,2
kepel,2
humble,2
ekstra,2
chamomile,2
essensis,2
anyangen,2
pengion,2
pengeboran,2
baji,2
elongasi,2
berjualan,2
manisnya,2
leucine,2
ileus,2
ec,2
sepulangnya,2
mulasnya,2
anjurannya,2
bermainnya,2
ranelate,2
mediastinum,2
makanmu,2
nutrijel,2
ajarkan,2
programnya,2
rebahkan,2
workout,2
klentik,2
mengupil,2
mengenalkan,2
sauna,2
disemua,2
diejek,2
ddnya,2
terguncang,2
puluh,2
biasakan,2
sekecil,2
vini,2
masalahkah,2
egois,2
cubitalis,2
270,2
solusikah,2
agust,2
keurus,2
perlunya,2
seat,2
statin,2
axilla,2
makassar,2
zam,2
sere,2
membiarkan,2
kudu,2
kuretnya,2
strabismus,2
mengenal,2
janji,2
bangsa,2
karbol,2
fibrogandular,2
mengeringkannya,2
vulgar,2
icha,2
sehelai,2
cazetin,2
169,2
maltofer,2
tinggali,2
sakali,2
nail,2
bayu,2
windi,2
tititnya,2
"""bagaimana",2
mestinya,2
bodi,2
garanya,2
praktikum,2
ft4,2
rujukannya,2
piara,2
mengi,2
hav,2
bulankah,2
bapaknya,2
speedboat,2
pancing,2
dianjurkannya,2
atopik,2
ibarat,2
masyarakat,2
wajibkan,2
thtnya,2
trichomonas,2
mengocok,2
diregangkan,2
ngelopek,2
perawannya,2
banjarmasin,2
stocking,2
mesotherapy,2
179,2
novorapid,2
lantus,2
postpil,2
dperiksa,2
sadah,2
memek,2
ajukan,2
diterima,2
taburkan,2
papilitis,2
buyutan,2
membelikan,2
preeklamasia,2
cantengen,2
claneksi,2
380,2
maxi,2
peel,2
lakmus,2
melebatkan,2
elkana,2
mastin,2
ratus,2
gergaji,2
berhbungan,2
poliklinik,2
uget,2
mixalgin,2
dibolehkah,2
seratnya,2
hobinya,2
dimiringin,2
stem,2
laminine,2
mamografi,2
migrainnya,2
konjungtiva,2
diperhatikan,2
mencerahkannya,2
f,2
laringomalasia,2
depakene,2
5000,2
dalaman,2
hematom,2
weni,2
rinos,2
mucosa,2
tampilan,2
mengelas,2
diimbangi,2
terbuat,2
aha,2
sisinya,2
herannya,2
dikasihlah,2
meregangkan,2
stetoskop,2
siapkan,2
gundukan,2
mencubit,2
beranggapan,2
petugasnya,2
inzana,2
waswas,2
scotts,2
bersihkannya,2
nulacta,2
solusio,2
beauty,2
disatukan,2
atresia,2
kumannya,2
ledes,2
move,2
duk,2
float,2
gemulai,2
siram,2
membenarkan,2
memliki,2
penyang,2
kebalikannya,2
menjanjikan,2
miting,2
sepatunya,2
11070,2
vesperum,2
berlubangnya,2
nasofaringitis,2
cici,2
frozen,2
ngurangin,2
berlangsungnya,2
sepetember,2
tertinggi,2
typhoid,2
spah,2
ketidakcocokan,2
tuka,2
ketindihan,2
kenanya,2
sabit,2
puntung,2
rokoknya,2
seblak,2
payau,2
barunya,2
andalah,2
salicil,2
lansoprazol,2
berkumur,2
apialis,2
pepes,2
rumor,2
flo,2
ayyu,2
memintanya,2
penyakitku,2
kalpanak,2
sudahh,2
mencantumkan,2
luaran,2
kesel,2
cetit,2
nasional,2
miu,2
dikeluhkan,2
batasnya,2
mollers,2
limfadenopati,2
rumit,2
nasonex,2
kedondong,2
diberitahu,2
gudik,2
manggil,2
678,2
313,2
history,2
menuntaskan,2
extract,2
andri,2
sutera,2
kebo,2
aktifitasnya,2
diposisi,2
sorry,2
merona,2
relaktasi,2
gelembungnya,2
juice,2
2400,2
emosinya,2
urutnya,2
koitus,2
lactosa,2
temporal,2
dituruti,2
rejan,2
tiroglobin,2
grafadon,2
berpantangan,2
kudisan,2
mentil,2
vitacid,2
fibula,2
perapat,2
size,2
berbenturan,2
2425,2
primolit,2
karbohidratnya,2
berdetaknya,2
flagyl,2
penculikan,2
tahunya,2
persatu,2
preauricular,2
03k15b26,2
mengkilap,2
hidupnya,2
gabung,2
club,2
lobus,2
cardiomegali,2
heparin,2
alex,2
pembengkakkan,2
kelemahan,2
balur,2
gjla,2
bekerjanya,2
kehabisanku,2
kopong,2
married,2
aceh,2
penari,2
dudukkan,2
dilatih,2
menciumi,2
146,2
naikkan,2
eli,2
ovidrel,2
maligna,2
terkontaminasi,2
ridho,2
dilihatnya,2
record,2
sata,2
revanol,2
buburnya,2
asrama,2
bertindak,2
nadya,2
kesemutannya,2
pentingkah,2
dicari,2
dibelakangnya,2
lom,2
kutilan,2
kepok,2
degenerasi,2
pembukaannya,2
selangnya,2
smnggu,2
style,2
doggy,2
jaringannya,2
pkerjaan,2
lk,2
walafiat,2
pen,2
ngejelasinnya,2
androcur,2
pengguguran,2
dibunyikan,2
implannya,2
sebotol,2
luminal,2
pendiam,2
pos,2
dipakein,2
reduksi,2
neg,2
lanjuti,2
dog,2
ephitel,2
republic,2
berkulit,2
suburan,2
partus,2
termaksud,2
dipahami,2
menjorok,2
higienis,2
mengalai,2
bentolan,2
choice,2
koroid,2
magnesium,2
raja,2
singa,2
kuaci,2
336,2
level,2
382,2
beraroma,2
mercury,2
kukus,2
alternatifnya,2
terpancing,2
silvana,2
membagi,2
ditetapkan,2
id,2
vertiligo,2
iwan,2
dibenarkan,2
enema,2
kecegukan,2
manset,2
narkotika,2
specialis,2
leluasa,2
seluler,2
bartolin,2
aldisa,2
rontgennya,2
kesandung,2
389,2
nipas,2
merambah,2
bercita,2
cita,2
ayamnya,2
shampoonya,2
tnggi,2
pingan,2
depakote,2
bete,2
dikemas,2
pingin,2
perintah,2
menahannya,2
kakipun,2
lymphadenitis,2
digoogle,2
oros,2
dompet,2
varisela,2
tembel,2
kolon,2
herman,2
tongseng,2
lekuk,2
takar,2
one,2
bergolongan,2
dilepeh,2
1920,2
child,2
tema,2
jf,2
ketek,2
veminax,2
rupiah,2
tatto,2
junk,2
keesokkan,2
kitanya,2
antibody,2
vegetable,2
mendengarnya,2
sepak,2
mulutku,2
suplemennya,2
ruyan,2
sariayu,2
kontraksinya,2
hidrosis,2
tannya,2
dulcolax,2
berhubunganpun,2
emang,2
ateroma,2
aspek,2
nambahin,2
semenit,2
dimasukkin,2
tani,2
his,2
dikunyah,2
blewah,2
produknya,2
kenalpot,2
vegetarian,2
organisasi,2
sotong,2
lemasnya,2
160100,2
debby,2
caviplex,2
hanil,2
petanda,2
solution,2
benturannya,2
terpukul,2
alesan,2
325,2
kelanjutannya,2
head,2
gendongnya,2
memikirkannya,2
mag,2
haridan,2
nkah,2
hamik,2
pitam,2
evi,2
sengal,2
duphaston,2
membusuk,2
rinithis,2
buatnya,2
stang,2
essential,2
tiwi,2
Allah,2
bufect,2
fondation,2
konsul,2
otitis,2
terbahak,2
tumpul,2
pedulikan,2
levocin,2
nila,2
pengolesan,2
inhomogen,2
lahan,2
phenoxyethanol,2
lapang,2
teguk,2
610,2
yunita,2
kewalahan,2
nek,2
wabah,2
hawatir,2
tngan,2
hembusan,2
soffel,2
apek,2
stelahnya,2
satupun,2
daritadi,2
penyangga,2
moodnya,2
1824,2
berbobot,2
dibgian,2
177,2
berisikan,2
berkacamata,2
dewa,2
vasomotor,2
ulet,2
ngeganggu,2
cubby,2
goyangkan,2
diangkatnya,2
masuki,2
marta,2
menggunduli,2
verikokel,2
pangkas,2
kerikan,2
bean,2
terdahulu,2
mknan,2
lompat,2
dikemaluan,2
kondsi,2
internal,2
involusi,2
cutis,2
365,2
kmd,2
pensil,2
viruskah,2
bundar,2
melampirkan,2
produktif,2
dilambung,2
sampah,2
deviasi,2
nr,2
iv,2
benanah,2
melia,2
melangsungkan,2
bagimana,2
propolis,2
dengam,2
terbatasi,2
wilayah,2
overdosis,2
jutek,2
matikan,2
nging,2
sakitapa,2
kalengan,2
bone,2
doa,2
pterygium,2
bandeng,2
telanjang,2
penisilin,2
tddt,2
berdesir,2
wig,2
393,2
rice,2
cooker,2
exim,2
aulia,2
dipipinya,2
sebln,2
ombak,2
fleksi,2
keinginannya,2
ilang,2
macora,2
belm,2
terlarang,2
bule,2
cervicalgia,2
squat,2
terseret,2
mintak,2
12090,2
terims,2
senggugutan,2
prinsip,2
menurunnya,2
cha,2
dikemudian,2
cerclage,2
karir,2
saori,2
menapakkan,2
foundation,2
terkikis,2
ngikut,2
142,2
prosedurnya,2
sesakit,2
ngepel,2
pembagian,2
tba,2
usis,2
070,2
crp,2
neogynoxa,2
ipi,2
seboroik,2
kedepan,2
ketokonazole,2
arc,2
sim,2
berurutan,2
salisilat,2
akunya,2
jel,2
rusuknya,2
laper,2
menipiskan,2
limbah,2
dst,2
limbung,2
1617,2
rizky,2
mengusap,2
asmanya,2
kang,2
murung,2
pengonsumsi,2
coca,2
reco,2
platina,2
cengkareng,2
suburku,2
pasif,2
ulek,2
peluru,2
asti,2
dermafix,2
ekskul,2
pangastritis,2
puluhan,2
proseske,2
celup,2
semestinya,2
burnazin,2
siri,2
allodynia,2
tindis,2
miniaspi,2
karate,2
ketemunya,2
balsam,2
apialys,2
berdiripun,2
memori,2
ulseratif,2
kekasih,2
recovery,2
fluconazole,2
wijen,2
lalau,2
sebanding,2
hajad,2
kemaren,2
semanjak,2
mngobati,2
136,2
perutny,2
shinzui,2
maem,2
postingan,2
syukron,2
listerin,2
grafachlor,2
tampon,2
clyndamicin,2
baris,2
cotrimoxazole,2
antibiotic,2
chloramphenicol,2
tipisnya,2
pemilih,2
insidal,2
ngangguk,2
eko,2
ramadhan,2
mengencangkannya,2
dehista,2
komponen,2
notes,2
balon,2
dom,2
berjarak,2
setiba,2
sprei,2
shbg,2
selambat,2
mantunya,2
caladin,2
ridwan,2
cuek,2
lesung,2
central,2
tenggara,2
deva,2
urusan,2
sulawesi,2
lki,2
vitalitas,2
diajari,2
procold,2
menjadwalkan,2
jacket,2
hatur,2
nuhun,2
doping,2
celah,2
serap,2
istirahatnya,2
diputuskan,2
3738,2
abothyl,2
ovulasinya,2
1100,2
ungkapkan,2
newborn,2
urine,2
hirup,2
tungau,2
ules,2
allerpre,2
orpen,2
mengerikan,2
coconut,2
idul,2
staf,2
frisium,2
siam,2
stoknya,2
terkana,2
merontokkan,2
orthopedi,2
kopek,2
terigu,2
menyelesaikan,2
waduh,2
pasangkan,2
kentutan,2
memutihkannya,2
dikhitan,2
removal,2
jarem,2
segenggam,2
bergonta,2
chest,2
membasahi,2
roma,2
mencabuti,2
gonorrhea,2
knee,2
mild,2
stenosis,2
gi,2
press,2
pengen,2
ke4,2
tuang,2
jodoh,2
minngu,2
masalahkan,2
eturol,2
fleksibel,2
sumbat,2
kreces,2
mother,2
muak,2
thl,2
adapun,2
017,2
pahitnya,2
kelubang,2
kesengat,2
ambet,2
presentase,2
ace,2
pintunya,2
memakaikan,2
paramek,2
diklinik,2
waxing,2
dibilangin,2
jereng,2
patalogis,2
medika,2
kucingku,2
kunci,2
triaminic,2
diadakan,2
tourch,2
tlat,2
ketagihan,2
mengonsultasikan,2
madura,2
kurasakan,2
oligocare,2
ditanggal,2
organnya,2
seminggunya,2
pencernaanya,2
date,2
berkelamin,2
varicella,2
118,2
penahan,2
plain,2
besarkah,2
memulihkannya,2
berairnya,2
kendalikan,2
2223,2
menyesali,2
mila,2
ngerasain,2
instrument,2
perbuatan,2
274,2
bentolannya,2
regenerasi,2
sertakan,2
ekstrak,2
topcillin,2
layu,2
mengantisipasinya,2
regimen,2
ngasih,2
penderitanya,2
mengecilkannya,2
berlama,2
mempercantik,2
jipang,2
mataku,2
inflason,2
mengangkang,2
racunnya,2
lactamil,2
infalgin,2
balutan,2
ngeseks,2
kebasnya,2
balutnya,2
ikhsan,2
kiriku,2
itunya,2
permukaannya,2
chocolatos,2
nakanan,2
prosogan,2
kapasitas,2
suicidal,2
kepribadian,2
rubah,2
depok,2
libidonya,2
ascites,2
lombok,2
dibalikkan,2
blok,2
scalling,2
tersetrum,2
menengoknya,2
bagiannya,2
ntb,2
nusa,2
187,2
pengencang,2
treadmill,2
ubannya,2
ctr,2
fiber,2
ceweknya,2
lainkah,2
fisiknya,2
penyambung,2
hemato,2
kebun,2
logo,2
menyerap,2
pasnya,2
bersikeras,2
dijalankan,2
b12,2
kamarnya,2
farma,2
sedng,2
gips,2
dikelupas,2
cowoknya,2
hisprung,2
dirapatkan,2
hormati,2
bersekolah,2
klasik,2
berperilaku,2
ngehilangin,2
nengok,2
urotractin,2
lbp,2
penggemukkan,2
277,2
pantulan,2
babinya,2
dibasahi,2
armsling,2
ngisap,3
bulking,3
ahmad,3
kepuasan,3
kesentuh,3
ngt,3
bersinnya,3
lutenyl,3
sambalnya,3
mengencerkan,3
cycloprogynova,3
dibengkokkan,3
motoran,3
dibalur,3
disinari,3
melawan,3
clobazam,3
pkir,3
hipseat,3
tabrak,3
pemanas,3
hijaunya,3
kuda,3
radiologi,3
pembantu,3
sebahu,3
senep,3
kecepatan,3
kejelasan,3
diastolik,3
review,3
konka,3
386,3
empek,3
negara,3
titan,3
khitanan,3
sexual,3
diperban,3
memanggil,3
sayurnya,3
bladder,3
tuhan,3
kluk,3
panggil,3
mengejar,3
orchitis,3
aciclovir,3
ovum,3
degup,3
meleset,3
dipikir,3
didahului,3
gondokan,3
9070,3
pokok,3
bulir,3
pembusukan,3
home,3
226,3
nugget,3
menutupnya,3
swab,3
itulah,3
mamaku,3
kompor,3
gliveec,3
benjolanya,3
sdangkan,3
pengunaan,3
ila,3
2530,3
sakatonik,3
kemulut,3
terpapar,3
menjalin,3
terapis,3
intervensi,3
pnyebabnya,3
tremenza,3
dipangkal,3
ajari,3
selisih,3
rekomen,3
sedotan,3
bapa,3
kecoklatan,3
kiatnya,3
kesuburannya,3
urs,3
laju,3
adakan,3
simplex,3
gatel,3
mengecap,3
menghalangi,3
optimalnya,3
sr,3
berdegup,3
score,3
intoleransi,3
jajanan,3
dotnya,3
memancungkan,3
selatan,3
jago,3
esensi,3
dexa,3
herocin,3
tetepi,3
progesteron,3
shoulder,3
parkinson,3
milik,3
pilates,3
apaya,3
stagen,3
mall,3
tau,3
good,3
memberhentikan,3
109,3
disebab,3
bulak,3
apaka,3
kisut,3
berkemungkinan,3
mala,3
positifnya,3
omongan,3
bersikap,3
sedikitnya,3
disengat,3
monosit,3
septum,3
inerson,3
ana,3
memudahkan,3
kukubima,3
peluntur,3
steak,3
bengkung,3
inpepsa,3
mendatangkan,3
fonis,3
merunduk,3
seharinya,3
bad,3
areanya,3
neoplasma,3
pertandingan,3
berjenis,3
dikontrol,3
team,3
mencekik,3
donat,3
bersosialisasi,3
prefrontal,3
cortex,3
pumpitor,3
talasemia,3
pemilihan,3
norelut,3
hubunganya,3
manja,3
plum,3
376,3
penjelasaanya,3
metronidazol,3
mengigit,3
kardio,3
interlac,3
suasana,3
keseluruh,3
perasaannya,3
manisan,3
terim,3
profilaksis,3
almond,3
luruh,3
elektrolit,3
nur,3
selimutan,3
vaginalis,3
marie,3
dettol,3
mpasinya,3
ketentuan,3
c1000,3
majora,3
tipikal,3
making,3
memperkenalkan,3
disandarkan,3
cepirit,3
bronkopneumonia,3
lia,3
tabel,3
batukan,3
gratis,3
sachet,3
mengoperasi,3
dpt1,3
drops,3
mengempes,3
hidrokel,3
tegap,3
berprestasi,3
web,3
kesedak,3
situs,3
kassa,3
berlarut,3
salicylic,3
setaun,3
mdr,3
iminens,3
lancid,3
menyala,3
varisesnya,3
vanila,3
menopang,3
hc,3
ibadah,3
sekadar,3
swiss,3
memberitahu,3
ngesot,3
nemu,3
lunglai,3
resisten,3
popcorn,3
retinopati,3
raya,3
sederas,3
lampirkan,3
bledstop,3
atapun,3
sepet,3
terato,3
pid,3
sarah,3
keramik,3
senit,3
388,3
haji,3
gita,3
pucet,3
kesibukan,3
pra,3
kusta,3
anastesi,3
standard,3
jurnal,3
ngiler,3
ketekan,3
laparotomi,3
onemed,3
sawi,3
melinjo,3
oke,3
supnya,3
mengepel,3
700,3
bising,3
jatah,3
wasalam,3
biseksual,3
disteril,3
galenik,3
insom,3
keleyengan,3
opsi,3
buar,3
menyuntik,3
dikamar,3
dengungan,3
busana,3
bagaian,3
inferior,3
tadikan,3
cervical,3
terdaftar,3
creamnya,3
maagh,3
nenennya,3
lidi,3
tarif,3
redakan,3
kadaluarsanya,3
jasmani,3
menilai,3
merapikan,3
sejuk,3
mendingin,3
pangkuan,3
osteoporosis,3
radioterapi,3
fluimucil,3
600,3
pusatnya,3
gelang,3
menandai,3
semprotan,3
delima,3
dipergelangan,3
disisir,3
out,3
kemasukan,3
thypoid,3
bearbrand,3
neozep,3
gantung,3
floaters,3
sekolahnya,3
pregnancy,3
b20,3
dakan,3
antibodi,3
menganggap,3
lauknya,3
tinea,3
kedap,3
gumohnya,3
dijari,3
ketelen,3
mengakhiri,3
pendonor,3
asean,3
disimpulkan,3
taburi,3
terjadilah,3
kualitasnya,3
ngidamnya,3
disapih,3
jahat,3
penyuka,3
sebuntukan,3
sekeras,3
ujan,3
faringitis,3
heboh,3
keabuan,3
dilantai,3
siloam,3
marahin,3
penguna,3
duh,3
terburuk,3
spinal,3
membedong,3
engah,3
veins,3
didengar,3
puber,3
minor,3
assalamulaikum,3
sembari,3
desakan,3
indah,3
halal,3
dilepen,3
penderitaan,3
hoak,3
kid,3
gejalah,3
panggal,3
nana,3
putaran,3
gol,3
formom,3
montok,3
ngidam,3
bisoprolol,3
inbagi,3
kalikah,3
nyatu,3
gajah,3
lipom,3
menabrak,3
susuin,3
veril,3
lakinya,3
kiki,3
padang,3
tercepat,3
sembab,3
keningnya,3
bronkovaskuler,3
1015,3
loperamide,3
overthinking,3
pendaftaran,3
asih,3
bintit,3
awak,3
jok,3
pembatas,3
biotin,3
215,3
bisu,3
remis,3
diturunkan,3
keatas,3
lecetnya,3
penyajiannya,3
138,3
masang,3
kash,3
384,3
estimasi,3
cottonbud,3
menempelkan,3
bekasi,3
stik,3
195,3
jamuran,3
kepencet,3
hot,3
tertancap,3
callusol,3
suplement,3
jatohnya,3
diolah,3
ditimbulkannya,3
nekuk,3
dalm,3
maretnya,3
pelvis,3
membesarkannya,3
bronktis,3
dsn,3
mbah,3
dramamin,3
melegakan,3
dilengan,3
begerak,3
pemalu,3
warnah,3
plasebo,3
tunanya,3
cucuk,3
endo,3
tiket,3
hidrotubasi,3
pitting,3
padanya,3
merendam,3
berdiam,3
udelnya,3
tunangan,3
bejolannya,3
terkupas,3
mengembalikannya,3
yeri,3
tindikan,3
nourish,3
dzuhur,3
terhirup,3
endometrium,3
nyaris,3
ciki,3
daunan,3
mengedipkan,3
pencegah,3
kpl,3
mencakar,3
ketiganya,3
lodia,3
berdirinya,3
mengkerut,3
sppd,3
cetaphil,3
kritis,3
fertigo,3
pohon,3
toksoplasma,3
ditambahkan,3
singapore,3
yah,3
godokan,3
sudahnya,3
kepanjangan,3
kerikil,3
badak,3
nyala,3
diizinkan,3
kronologis,3
demacolin,3
pengeroposan,3
inbion,3
outdoor,3
dibacakan,3
yaapa,3
tersentak,3
menyenangkan,3
aa,3
menyimpang,3
ampir,3
seloxy,3
tinnitus,3
kira-kira,3
bermerk,3
asing,3
dihantui,3
pendaharan,3
pergantian,3
s26,3
obatinnya,3
olaraga,3
batita,3
uc,3
3x,3
kilatan,3
kebakar,3
infusnya,3
ampul,3
spasmofilia,3
aorta,3
cauter,3
pecahnya,3
hib,3
permainan,3
impotensi,3
rizal,3
pendapatnya,3
volafit,3
maleate,3
segumpal,3
berhadapan,3
spiralnya,3
dibasuh,3
menceret,3
nembus,3
mangkok,3
pembekuan,3
2x1,3
rheumatik,3
terpeleset,3
terangkan,3
nikotin,3
saos,3
fsh,3
siswa,3
mengejannya,3
pb,3
isya,3
ikalep,3
red,3
dwi,3
didatangi,3
force,3
monitor,3
hentinya,3
dalan,3
menjamin,3
asifit,3
urobilinogen,3
penelitian,3
aromanya,3
acute,3
berkumpul,3
nonemi,3
indomaret,3
osfit,3
setara,3
ekstrim,3
cutton,3
cleanser,3
block,3
kukul,3
240,3
dipuskesmas,3
kelancaran,3
pleksus,3
terakhirnya,3
dikhawatirkan,3
perbanyak,3
fitnes,3
menjepit,3
emulsion,3
please,3
plasentanya,3
albotil,3
planotab,3
nyatanya,3
dagang,3
tutorial,3
disampaikan,3
sarang,3
menghantui,3
gestiamin,3
veneer,3
bagaimn,3
dihidungnya,3
pemicunya,3
ikhtiar,3
dislokasi,3
persyaratannya,3
penisku,3
tanyaa,3
putuskan,3
mengkhawatirkan,3
tenggoroan,3
singapur,3
sungai,3
kali1,3
jasa,3
385,3
menjulur,3
pegah,3
dipancing,3
strepsils,3
asep,3
keluahan,3
pelir,3
ascardia,3
basuh,3
ngurut,3
terjual,3
ditumbuhi,3
dipanasin,3
nedle,3
teringat,3
perbulan,3
dicekik,3
suntiknya,3
tingkah,3
smooting,3
blue,3
pundaknya,3
persia,3
martabak,3
folaplus,3
asmef,3
susunan,3
letakkan,3
transv,3
pewarna,3
dibadannya,3
clopidogrel,3
dikocok,3
bolh,3
ampicilin,3
butter,3
berta,3
sosok,3
menyembukan,3
berlapis,3
inisiatif,3
direk,3
persentase,3
terhambat,3
kalazion,3
tnggal,3
2007,3
relatif,3
kemihnya,3
benzolac,3
silih,3
cipratan,3
pfc,3
analisis,3
kost,3
mengetes,3
memompa,3
genoint,3
terpanjang,3
bertubuh,3
pengang,3
lipstick,3
infused,3
mataram,3
quran,3
dengarkan,3
hormat,3
dicampurkan,3
grak,3
seumurannya,3
kosakata,3
birunya,3
pipih,3
luluran,3
dermaroller,3
pengurangan,3
suction,3
kecilkan,3
berselera,3
karakter,3
diisap,3
bangunkan,3
letter,3
and,3
dadaku,3
pemulihannya,3
roll,3
kalorinya,3
kkal,3
hijab,3
perbannya,3
krok,3
sendoknya,3
sembuhinnya,3
lagikah,3
pautnya,3
intens,3
dipinggul,3
pilihan,3
cegah,3
diulang,3
minyaknya,3
melintir,3
googling,3
syarafnya,3
karbon,3
materna,3
ngeces,3
bilasnya,3
minumi,3
keluaran,3
dijelasin,3
janinya,3
lepra,3
hiperhidrosis,3
140100,3
bracketnya,3
pauk,3
aktf,3
ngeganjal,3
autan,3
serangkaian,3
diperutnya,3
seblum,3
pikirkan,3
stimuno,3
batasi,3
nyusui,3
benci,3
hobby,3
apnea,3
cemburu,3
sepesialis,3
dilipat,3
devi,3
kafein,3
ngebet,3
layang,3
colostomy,3
yea,3
diva,3
bayak,3
benign,3
dianya,3
shubuh,3
panasin,3
introvert,3
thai,3
erna,3
tercampur,3
mampetnya,3
bauan,3
kelilit,3
sebelomnya,3
modis,3
pelumasnya,3
eka,3
ketulang,3
tinta,3
pindang,3
iringi,3
kalah,3
thalasemia,3
sekarangkan,3
gliyeng,3
memeriksakannya,3
dextral,3
mamanya,3
zambuk,3
membuktikan,3
platinum,3
neutrofil,3
sumber,3
nasal,3
sebah,3
diresep,3
mondar,3
andil,3
kemarinkan,3
yag,3
kis,3
kartu,3
dikenal,3
diperut,3
nebacetin,3
papula,3
141,3
unik,3
pernafasannya,3
disaluran,3
yusuf,3
seram,3
komposisinya,3
awalan,3
jutaan,3
jeletit,3
medixon,3
lentur,3
menenangkan,3
pinggangku,3
tk,3
antrum,3
kaum,3
didiriin,3
susternya,3
ukhti,3
kepenuhan,3
lobak,3
kontras,3
sarampa,3
kejantanan,3
dorongan,3
plong,3
jengkel,3
neurosanbe,3
tumornya,3
shunt,3
ditempel,3
kruek,3
dlakukan,3
padahalkan,3
smp,3
teratozoospermia,3
menyerah,3
maks,3
bercumbu,3
bernafsu,3
kecapaian,3
kimchi,3
membasmi,3
potassium,3
jawanya,3
mendelep,3
horizontal,3
asta,3
mengelap,3
nete,3
primer,3
krem,3
malaysia,3
tarian,3
akhi,3
detailnya,3
290,3
pd,3
nanyain,3
wrp,3
elektronik,3
kantungnya,3
psk,3
rizki,3
denyutannya,3
upil,3
dupaston,3
pemakaman,3
goyangnya,3
ceknya,3
tendangannya,3
miopi,3
sri,3
tetesi,3
bersemangat,3
mengelurkan,3
struma,3
hpt,3
in,3
akal,3
aya,3
ronde,3
kondar,3
kongenital,3
berkurangnya,3
urtikaria,3
kolostomi,3
mengirim,3
pati,3
disekujur,3
angel,3
astri,3
seriuskah,3
terlelap,3
terpisah,3
vina,3
kekecilan,3
kolera,3
pinggirannya,3
kerut,3
fladystin,3
nastar,3
mengaplikasikan,3
dilipatan,3
fct,3
gpu,3
indomilk,3
kelaminya,3
dikikis,3
menyuapi,3
pubertas,3
teroid,3
menjauh,3
bebarengan,3
diserap,3
supermarket,3
hufagrip,3
decolgen,3
hygiene,3
memperoleh,3
dilema,3
190,3
duku,3
diproduksi,3
meminun,3
oats,3
hidrosalping,3
diantar,3
enoki,3
gagap,3
taunya,3
pembalutnya,3
peralatan,3
diabetesnya,3
universitas,3
kabarnya,3
perkemahan,3
chat,3
betametason,3
mengulum,3
born,3
223,3
sprint,3
meringankannya,3
bergoyang,3
1800,3
obimin,3
2200,3
mnyebabkan,3
kecekik,3
penah,3
atensi,3
sipit,3
attack,3
peyronie,3
didinding,3
made,3
cicak,3
rahasia,3
wax,3
betason,3
berdaya,3
sekret,3
segelas,3
kalkulator,3
memperbaikinya,3
liurnya,3
dilurusin,3
amoksilin,3
keabu,3
memalukan,3
metvell,3
call,3
ngantuknya,3
candesartan,3
pampersnya,3
penyedot,3
kebenaran,3
kelumpuhan,3
bersuami,3
dititah,3
mocca,3
konstan,3
fleecy,3
miomnya,3
uv,3
penumbuhan,3
konfirmasinya,3
ngamuk,3
ternama,3
rahangnya,3
glodoki,3
meringis,3
lift,3
mendatangi,3
rinci,3
salonpas,3
kecenderungan,3
hiper,3
lamakah,3
spondylosis,3
050,3
berpusat,3
janggut,3
kearah,3
chlorpheniramine,3
berbadan,3
laborat,3
mouth,3
umuran,3
kebiasan,3
enfamil,3
breakout,3
480,3
menegakkan,3
line,3
kikir,3
kataraknya,3
booming,3
budeg,3
lkbb,3
tesebut,3
axis,3
hufanoxil,3
150100,3
feminine,3
hafal,3
pengetahuan,3
372,3
jemari,3
arahan,3
kepinggang,3
bonceng,3
hn,3
reak,3
nyerap,3
bertuliskan,3
odol,3
ceplok,3
memendek,3
siapapun,3
hydroxide,3
ketikan,3
lumpur,3
betamethasone,3
kewanitaannya,3
yuni,3
scrotum,3
becak,3
sempel,3
hymen,3
tato,3
cewe,3
melindungi,3
pijet,3
mengerang,3
keluarin,3
ingatannya,3
punyakit,3
dibotakin,3
dilehernya,3
bpomnya,3
lanjutannya,3
feminax,3
seninya,3
mempersiapkan,3
diperkosa,3
pesat,3
viva,3
konsumsinya,3
meliputi,3
510,3
13090,3
menikmati,3
amankan,3
detergent,3
skrotum,3
anisa,3
membentak,3
kuyup,3
selamatkan,3
dikedipkan,3
scara,3
shop,3
komunikasi,3
terlambatnya,3
control,3
brain,3
kalimat,3
ngedrop,3
mmpengaruhi,3
diinjak,3
buavita,3
laparoskopi,3
ambein,3
penyebap,3
box,3
chloride,3
ubin,3
pegelnya,3
107,3
totok,3
dikarnakan,3
91,3
lymphosit,3
mixed,3
medianya,3
usgnya,3
sterilisasi,3
milier,3
sdt,3
untungnya,3
terserap,3
sus,3
berserta,3
iskemik,3
hemangioma,3
ulfa,3
se,3
menghela,3
flekk,3
antangin,3
kontrolnya,3
mencerna,3
penggumpalan,3
agen,3
bleeding,3
395,3
ruamnya,3
trace,3
sluruh,3
pendidikan,3
halaman,3
bermata,3
inplan,3
kelupaan,3
bmi,3
kramas,3
yusimok,3
cucian,3
petai,3
kejangnya,3
keganasan,3
dexamethason,3
diantara,3
pelayanan,3
dimarahi,3
probiotik,3
penekanan,3
royco,3
detergen,3
jogja,3
servis,3
berinteraksi,3
habisnya,3
istrahat,3
panduan,3
mendapatkannya,3
ngatasinnya,3
kromosom,3
rambutku,3
lancarnya,3
trainer,3
next,3
akun,3
babyface,3
terpengaruh,3
berbagi,3
skipping,3
kupu,3
cakar,3
memahami,3
deker,3
keringetnya,3
berkhayal,3
berkelahi,3
masako,3
asslamualaikum,3
bendungan,3
ngerjain,3
secukupnya,3
tungkak,3
jeli,3
menghitamkan,3
sekamar,3
identik,3
levofloxacin,3
mencampur,3
mandiri,3
silex,3
engak,3
pengeluaran,3
pedesaan,3
qnc,3
biyar,3
no,3
kejetit,3
dimohon,3
vbac,3
disenggol,3
tanduk,3
dngin,3
kunyah,3
dberi,3
ethambutol,3
fatimah,3
persediaan,3
leokosit,3
dipertahankan,3
pigmen,3
mimisannya,3
ketupat,3
seterus,3
diapet,3
penyajian,3
skitnya,3
memecah,3
belut,3
acetate,3
disampingnya,3
calsium,3
gemuruh,3
the,3
122,3
dibilas,3
artian,3
bodrek,3
flagystatin,3
wujudnya,3
cell,3
apotekernya,3
telingaku,3
didudukan,3
pdw,3
spalsy,3
st,3
mikro,3
upload,3
amannya,3
otopain,3
menghafal,3
nomor,3
cekup,3
breast,3
dijaga,3
ejakuasi,3
maf,3
riang,3
whey,3
cedut,3
disekitaran,3
pewarnaan,3
pelurusan,3
prednisolon,3
melampiaskan,3
senangnya,3
tt1,3
amarah,3
mencairkan,3
anlene,3
dibeberapa,3
klamidia,3
second,3
troches,3
microginon,3
glukoma,3
dibawahnya,3
kenapanya,3
kembalinya,3
kagak,3
cyst,3
iq,3
sendinya,3
digantikan,3
merujuk,3
cairkan,3
94,3
berdehem,3
mengompresnya,3
berbuat,3
ekslusif,3
kau,3
before,3
tindak,3
redanya,3
job,3
shower,3
sternum,3
eva,3
kopinya,3
thoracal,3
2012,3
assallamualaikum,3
heid,3
berkaca,3
penambalan,3
keperawatan,3
ban,3
kelewatan,3
sayadi,3
gadung,3
hipersaliva,3
menyut,3
lontong,3
210,3
tepok,3
chek,3
membeku,3
tari,3
ramah,3
ternyta,3
tertabrak,3
3000,3
2500,3
pinginnya,3
nyedot,3
sikecil,3
dicairkan,3
creatin,3
rame,3
nyesak,3
cappucino,3
pencinta,3
hilo,3
inza,3
nu,3
sebatas,3
pengertian,3
taro,3
hulu,3
dj,3
menempuh,3
syndrom,3
karpet,3
tet,3
sebamed,3
pedasnya,3
clovertil,3
serelac,3
membacanya,3
mengambang,3
iu,3
710,3
tenggrokan,3
fish,3
insto,3
vaksinasi,3
121,3
handbody,3
ember,3
memaksakan,3
masukkannya,3
kejer,3
ayangan,3
tentara,3
terambil,3
diagnosisnya,3
mengorek,3
pengelupasan,3
mancing,4
sinta,4
berkarang,4
vaksinnya,4
dibelikan,4
fakultas,4
ikannya,4
bintilan,4
em,4
113,4
kekuatan,4
marak,4
salisil,4
jati,4
mempengaruhinya,4
erlamycetin,4
free,4
igm,4
bertengkar,4
lesbi,4
berbiji,4
uluhati,4
telepon,4
mendenyut,4
disendawakan,4
detakannya,4
bpa,4
pulna,4
bahunya,4
makeup,4
dibehel,4
ug,4
seharus,4
telapaknya,4
menyusut,4
dikirim,4
beredar,4
norestil,4
mengeluar,4
ayang,4
cause,4
cinolon,4
jepit,4
ketumbar,4
mantoux,4
lambungku,4
candida,4
gembung,4
digoyangkan,4
meneruskan,4
atorvastatin,4
sahabat,4
vicks,4
set,4
kupingnya,4
ganda,4
ditidurin,4
pete,4
bokep,4
caesarnya,4
dibangunin,4
encok,4
sukabumi,4
visanne,4
taji,4
debm,4
kelang,4
ditimbang,4
kemiri,4
nefrotik,4
jerit,4
blend,4
cola,4
antihistamin,4
beristirahat,4
kesannya,4
syrup,4
domperidone,4
amoxan,4
risma,4
onde,4
tendang,4
megalami,4
memarnya,4
mapan,4
blank,4
kasat,4
pendarahaan,4
cygest,4
berbulu,4
diukur,4
penambahan,4
hormonnya,4
melanoma,4
agus,4
2008,4
eklusif,4
stroberi,4
sangkut,4
kerasnya,4
amit,4
ditestpack,4
anmum,4
ngapain,4
asiku,4
bir,4
pertambahan,4
kalung,4
menolong,4
nau,4
154,4
isu,4
volly,4
pejamkan,4
liquid,4
face,4
sayat,4
type,4
tumis,4
batin,4
penunjang,4
terpegang,4
winda,4
bus,4
sandy,4
jualan,4
plex,4
rapet,4
ngrok,4
anggap,4
palembang,4
levis,4
fimosis,4
pek,4
earphone,4
kesembuhannya,4
dispenser,4
mengendalikan,4
nurani,4
mores,4
black,4
baknya,4
keadaannya,4
terputus,4
folafit,4
1x1,4
tuanya,4
mengkhayal,4
sunscreen,4
amputasi,4
keluarganya,4
perhatian,4
aspilets,4
mchc,4
mendonorkan,4
persisnya,4
menyalahkan,4
perlengkapan,4
bercanda,4
download,4
tersangkut,4
udun,4
nafasnya,4
timur,4
gaenak,4
hansaplast,4
silver,4
tuntutan,4
lactate,4
hbeag,4
autisme,4
appeton,4
gabus,4
pengelihatan,4
iklan,4
bermaksud,4
mukul,4
tongkol,4
paket,4
mengamuk,4
tok,4
lipan,4
deteksi,4
diumur,4
sexs,4
dimanakah,4
dicium,4
menyadarinya,4
provula,4
haruskan,4
adaptasi,4
keterbatasan,4
selsai,4
diabetasol,4
mixagrip,4
vertikal,4
cake,4
motorik,4
permasalahannya,4
nutrisinya,4
dikanan,4
kemungkinannya,4
ditulis,4
sekilas,4
berisik,4
icu,4
doxycycline,4
kesamping,4
kultur,4
hitaman,4
pulse,4
kunjungi,4
sample,4
119,4
mendaftar,4
slime,4
unur,4
merica,4
hidrosefalus,4
emosional,4
mengecat,4
olahraganya,4
dikandungan,4
pernapasannya,4
terkenal,4
faskes,4
152,4
sildenafil,4
cough,4
promil,4
disebutkan,4
apak,4
hbe,4
delapan,4
kaldu,4
tumbuhan,4
darat,4
bepergian,4
folda,4
enzim,4
tempel,4
mengenakan,4
strech,4
teteskan,4
kebab,4
diselingi,4
pertanyakan,4
jadikan,4
tangisannya,4
keong,4
kamera,4
ngatasi,4
tiup,4
crl,4
mentega,4
undangan,4
diketiak,4
dibekas,4
burger,4
menghancurkan,4
kelinci,4
sufur,4
pemberiannya,4
hitungnya,4
dicerna,4
senggugut,4
melukai,4
dasarnya,4
bta,4
tuna,4
nenas,4
legging,4
dibungkus,4
tabur,4
koin,4
food,4
memainkan,4
diwaspadai,4
entrostop,4
kruyuk,4
teosal,4
menganjal,4
nyerih,4
lilin,4
kejatuhan,4
terpikir,4
gerahamnya,4
interaksi,4
248,4
teeth,4
mengurut,4
ditulang,4
riaknya,4
kadas,4
melatih,4
skizofrenia,4
nusuk,4
keset,4
rasannya,4
lendiran,4
diselamatkan,4
mash,4
rawan,4
nurul,4
patofisiologi,4
white,4
luas,4
kelly,4
mengkomsusi,4
69,4
ananda,4
flex,4
mengecewakan,4
puskes,4
meniruskan,4
cappuccino,4
retro,4
97,4
maya,4
tummy,4
meiji,4
penjelsannya,4
blister,4
period,4
san,4
berpegangan,4
terhalang,4
batam,4
tumpukan,4
haloo,4
kedokter,4
kolik,4
1520,4
korban,4
ee,4
khas,4
sebelumya,4
thiamphenicol,4
terbukti,4
preklamsia,4
jengger,4
adaan,4
dikeluarkannya,4
january,4
manjakani,4
dikelopak,4
berkerut,4
kronik,4
limfa,4
observasi,4
menghindarinya,4
112,4
melorot,4
akankah,4
mengeden,4
camilan,4
babyku,4
ah,4
selingan,4
menyeluruh,4
urus,4
biarpun,4
brokoli,4
baguskah,4
baygon,4
kancing,4
dibatukkan,4
takikardia,4
terakir,4
pecahkan,4
sawah,4
ceasar,4
mendidik,4
menghilangkanya,4
gds,4
spd,4
pengertiannya,4
tambahkan,4
inject,4
kangen,4
dikombinasikan,4
memengaruhi,4
bangku,4
kegerahan,4
bergelambir,4
gigitannya,4
fat,4
ponds,4
dikandung,4
menyembur,4
lisa,4
fundusnya,4
kupas,4
variasi,4
melirik,4
mercuri,4
dimiringkan,4
berkarat,4
ras,4
tumben,4
pertanyaanya,4
kianpi,4
kemarinnya,4
disikat,4
eek,4
payah,4
tas,4
anyir,4
jambang,4
siti,4
berpikiran,4
menyetir,4
ditenggorokan,4
sum,4
high,4
bejolan,4
gambarnya,4
mengoceh,4
chf,4
bakarnya,4
syaratnya,4
dipantang,4
pulpa,4
mengulangi,4
emping,4
furosemide,4
mukaku,4
nestle,4
pembakaran,4
025,4
tambalannya,4
pesantren,4
larinya,4
ponsel,4
liang,4
remang,4
dibekukan,4
mix,4
bertujuan,4
batangnya,4
meniru,4
terpendek,4
gambaran,4
penghentian,4
mengorok,4
khayalan,4
menawarkan,4
mengetik,4
tj,4
limfadenitis,4
ubunnya,4
sprema,4
serumah,4
peregangan,4
cacingnya,4
volavit,4
penat,4
arif,4
hypersex,4
promilnya,4
lanjutnya,4
didudukkan,4
nyetir,4
berinisiatif,4
termos,4
antiseptic,4
dipasangi,4
fever,4
rok,4
proginova,4
lolos,4
kentutnya,4
parutan,4
timbilan,4
secepat,4
kemauan,4
setinggi,4
ventilasi,4
terjamin,4
preeklamsia,4
mayora,4
tempuh,4
mempertahankannya,4
tekena,4
kecut,4
diusap,4
disebelah,4
gesekkan,4
episan,4
tegas,4
1500,4
peredaran,4
eosinofil,4
mendatang,4
infertilitas,4
susp,4
pupil,4
gtm,4
penyedotan,4
wanitanya,4
terbatas,4
menurunkannya,4
aren,4
mrs,4
magic,4
menjurus,4
rika,4
senggama,4
dengung,4
ranjang,4
sobeknya,4
nunjuk,4
tshs,4
dipengaruhi,4
sepengetahuan,4
mencengkram,4
tersengal,4
dipasangkan,4
dtp,4
amoorea,4
banyakan,4
solo,4
kurun,4
gugurkan,4
kekamar,4
dikit,4
panuan,4
bimbingannya,4
tri,4
amenore,4
seduh,4
terimakasih,4
1600,4
penyebanya,4
terkandung,4
peyakit,4
lila,4
kesepian,4
vitaquin,4
kenali,4
walet,4
karunia,4
divagina,4
uteri,4
berupaya,4
pns,4
hapus,4
kebesaran,4
kecacatan,4
bendera,4
sipilis,4
mengurusi,4
sekejap,4
rapuh,4
unspecified,4
digigiti,4
dikala,4
induk,4
estrogen,4
kuahnya,4
progmil,4
fan,4
stagnan,4
homemade,4
cardio,4
voli,4
terkenan,4
gelombang,4
bully,4
puput,4
ngobatinya,4
lomba,4
lapis,4
nangisnya,4
histeris,4
ria,4
ilangin,4
keanehan,4
korengnya,4
unta,4
telalu,4
kehidupan,4
sebegitu,4
pinset,4
lajang,4
cokelatan,4
tembak,4
opersi,4
mangan,4
kemasannya,4
melelahkan,4
asa,4
monopause,4
berbohong,4
uretra,4
csection,4
abortus,4
sepele,4
uci,4
terlentang,4
menjual,4
nyusunya,4
organik,4
malem,4
horny,4
memuncak,4
etabion,4
self,4
testisnya,4
perhitungannya,4
kempis,4
impaksi,4
pipit,4
overweight,4
terminum,4
151,4
yakni,4
dipipi,4
berdegub,4
percikan,4
las,4
yth,4
sendawanya,4
disadari,4
roda,4
disusul,4
avail,4
sofur,4
share,4
perencanaan,4
ngeluarkan,4
diangka,4
bangunin,4
ritme,4
filler,4
memprediksi,4
diabet,4
dikukus,4
tempra,4
amber,4
maut,4
corakan,4
putihan,4
tercium,4
kiripun,4
kedalam,4
kol,4
ngitung,4
dilarikan,4
kelengkeng,4
angina,4
penggugur,4
mengulang,4
kampus,4
barengan,4
nebu,4
mask,4
crystal,4
pelepasan,4
tonggos,4
sebenar,4
amel,4
mengompol,4
china,4
rivanol,4
nutrilon,4
turunin,4
purging,4
panunya,4
katup,4
225,4
dihisap,4
dikepalanya,4
kelahirannya,4
teriris,4
vagistin,4
dikiri,4
inginkan,4
kegatalan,4
keraba,4
tanam,4
menyalakan,4
memberikannya,4
keliengan,4
dimalam,4
panggang,4
provagin,4
istilahnya,4
diaplikasikan,4
insisi,4
seeing,4
lip,4
2010,4
bugar,4
sah,4
bbl,4
ekstremitas,4
kembalikan,4
hydroquinone,4
hancurkan,4
tirus,4
pijatan,4
dopamin,4
bilateral,4
longgar,4
komplek,4
menyesal,4
didaerah,4
berguling,4
bergesekan,4
menghapus,4
cegukannya,4
dapan,4
fraktur,4
berciuman,4
tengkurapkan,4
eklamsia,4
andi,4
ngolet,4
lintah,4
kabel,4
mgdl,4
tunduk,4
ngatasin,4
kemanakah,4
insem,4
benjolnya,4
menyusi,4
ditunda,4
bracket,4
ngerokok,4
bolehlah,4
kesimpulannya,4
mengurung,4
promina,4
kertasnya,4
pediasure,4
ertos,4
disuntiknya,4
mengambek,4
terbelah,4
wadah,4
tamara,4
jurusan,4
paud,4
waspada,4
guru,4
terikat,4
bulutangkis,4
tenggorakan,4
lada,4
jabang,4
diwajahnya,4
tiram,4
tersendat,4
pecahan,4
carrier,4
mngatasinya,4
koloid,4
maksimalnya,4
dipanaskan,4
gepeng,4
menduga,4
132,4
produksinya,4
folac,4
panaskan,4
diamputasi,4
dagunya,4
teken,4
petir,4
kebobolan,4
tranfusi,4
bertahap,4
bongkok,4
kangguru,4
semir,4
ilmiah,4
uluh,4
presentasi,4
volumenya,4
mempertahankan,4
lactacyd,4
ferofort,4
selingi,4
warahmatullahi,4
wabarakatuh,4
pankreas,4
vaginal,4
sulphate,4
meningkatnya,4
joging,4
2830,4
porsinya,4
peran,4
147,4
spider,4
115,4
dipasaran,4
diskus,4
thyroid,4
rotavirus,4
doctor,4
data,4
mencabutnya,4
amati,4
selamanya,4
jilat,4
sumeng,4
dibulan,4
nyundul,4
disekitarnya,4
mengobatinnya,4
kehitam,4
neorobion,4
tercukupi,4
celebrex,4
menglami,4
megar,4
mengomsumsi,4
posterior,4
herocyn,4
kismis,4
guguran,4
383,4
fatty,4
keterangannya,4
premature,4
terpleset,4
"""",4
enaknya,4
sagestam,4
